email,number,list,just fun
test0@gmail.com,1,2,3
test1@gmail.com,1,2,3
test2@gmail.com,1,2,3
test3@gmail.com,1,2,3
test4@gmail.com,1,2,3
test5@gmail.com,1,2,3
test6@gmail.com,1,2,3
test7@gmail.com,1,2,3
test8@gmail.com,1,2,3
test9@gmail.com,1,2,3
test10@gmail.com,1,2,3
test11@gmail.com,1,2,3
test12@gmail.com,1,2,3
test13@gmail.com,1,2,3
test14@gmail.com,1,2,3
test15@gmail.com,1,2,3
test16@gmail.com,1,2,3
test17@gmail.com,1,2,3
test18@gmail.com,1,2,3
test19@gmail.com,1,2,3
test20@gmail.com,1,2,3
test21@gmail.com,1,2,3
test22@gmail.com,1,2,3
test23@gmail.com,1,2,3
test24@gmail.com,1,2,3
test25@gmail.com,1,2,3
test26@gmail.com,1,2,3
test27@gmail.com,1,2,3
test28@gmail.com,1,2,3
test29@gmail.com,1,2,3
test30@gmail.com,1,2,3
test31@gmail.com,1,2,3
test32@gmail.com,1,2,3
test33@gmail.com,1,2,3
test34@gmail.com,1,2,3
test35@gmail.com,1,2,3
test36@gmail.com,1,2,3
test37@gmail.com,1,2,3
test38@gmail.com,1,2,3
test39@gmail.com,1,2,3
test40@gmail.com,1,2,3
test41@gmail.com,1,2,3
test42@gmail.com,1,2,3
test43@gmail.com,1,2,3
test44@gmail.com,1,2,3
test45@gmail.com,1,2,3
test46@gmail.com,1,2,3
test47@gmail.com,1,2,3
test48@gmail.com,1,2,3
test49@gmail.com,1,2,3
test50@gmail.com,1,2,3
test51@gmail.com,1,2,3
test52@gmail.com,1,2,3
test53@gmail.com,1,2,3
test54@gmail.com,1,2,3
test55@gmail.com,1,2,3
test56@gmail.com,1,2,3
test57@gmail.com,1,2,3
test58@gmail.com,1,2,3
test59@gmail.com,1,2,3
test60@gmail.com,1,2,3
test61@gmail.com,1,2,3
test62@gmail.com,1,2,3
test63@gmail.com,1,2,3
test64@gmail.com,1,2,3
test65@gmail.com,1,2,3
test66@gmail.com,1,2,3
test67@gmail.com,1,2,3
test68@gmail.com,1,2,3
test69@gmail.com,1,2,3
test70@gmail.com,1,2,3
test71@gmail.com,1,2,3
test72@gmail.com,1,2,3
test73@gmail.com,1,2,3
test74@gmail.com,1,2,3
test75@gmail.com,1,2,3
test76@gmail.com,1,2,3
test77@gmail.com,1,2,3
test78@gmail.com,1,2,3
test79@gmail.com,1,2,3
test80@gmail.com,1,2,3
test81@gmail.com,1,2,3
test82@gmail.com,1,2,3
test83@gmail.com,1,2,3
test84@gmail.com,1,2,3
test85@gmail.com,1,2,3
test86@gmail.com,1,2,3
test87@gmail.com,1,2,3
test88@gmail.com,1,2,3
test89@gmail.com,1,2,3
test90@gmail.com,1,2,3
test91@gmail.com,1,2,3
test92@gmail.com,1,2,3
test93@gmail.com,1,2,3
test94@gmail.com,1,2,3
test95@gmail.com,1,2,3
test96@gmail.com,1,2,3
test97@gmail.com,1,2,3
test98@gmail.com,1,2,3
test99@gmail.com,1,2,3
test100@gmail.com,1,2,3
test101@gmail.com,1,2,3
test102@gmail.com,1,2,3
test103@gmail.com,1,2,3
test104@gmail.com,1,2,3
test105@gmail.com,1,2,3
test106@gmail.com,1,2,3
test107@gmail.com,1,2,3
test108@gmail.com,1,2,3
test109@gmail.com,1,2,3
test110@gmail.com,1,2,3
test111@gmail.com,1,2,3
test112@gmail.com,1,2,3
test113@gmail.com,1,2,3
test114@gmail.com,1,2,3
test115@gmail.com,1,2,3
test116@gmail.com,1,2,3
test117@gmail.com,1,2,3
test118@gmail.com,1,2,3
test119@gmail.com,1,2,3
test120@gmail.com,1,2,3
test121@gmail.com,1,2,3
test122@gmail.com,1,2,3
test123@gmail.com,1,2,3
test124@gmail.com,1,2,3
test125@gmail.com,1,2,3
test126@gmail.com,1,2,3
test127@gmail.com,1,2,3
test128@gmail.com,1,2,3
test129@gmail.com,1,2,3
test130@gmail.com,1,2,3
test131@gmail.com,1,2,3
test132@gmail.com,1,2,3
test133@gmail.com,1,2,3
test134@gmail.com,1,2,3
test135@gmail.com,1,2,3
test136@gmail.com,1,2,3
test137@gmail.com,1,2,3
test138@gmail.com,1,2,3
test139@gmail.com,1,2,3
test140@gmail.com,1,2,3
test141@gmail.com,1,2,3
test142@gmail.com,1,2,3
test143@gmail.com,1,2,3
test144@gmail.com,1,2,3
test145@gmail.com,1,2,3
test146@gmail.com,1,2,3
test147@gmail.com,1,2,3
test148@gmail.com,1,2,3
test149@gmail.com,1,2,3
test150@gmail.com,1,2,3
test151@gmail.com,1,2,3
test152@gmail.com,1,2,3
test153@gmail.com,1,2,3
test154@gmail.com,1,2,3
test155@gmail.com,1,2,3
test156@gmail.com,1,2,3
test157@gmail.com,1,2,3
test158@gmail.com,1,2,3
test159@gmail.com,1,2,3
test160@gmail.com,1,2,3
test161@gmail.com,1,2,3
test162@gmail.com,1,2,3
test163@gmail.com,1,2,3
test164@gmail.com,1,2,3
test165@gmail.com,1,2,3
test166@gmail.com,1,2,3
test167@gmail.com,1,2,3
test168@gmail.com,1,2,3
test169@gmail.com,1,2,3
test170@gmail.com,1,2,3
test171@gmail.com,1,2,3
test172@gmail.com,1,2,3
test173@gmail.com,1,2,3
test174@gmail.com,1,2,3
test175@gmail.com,1,2,3
test176@gmail.com,1,2,3
test177@gmail.com,1,2,3
test178@gmail.com,1,2,3
test179@gmail.com,1,2,3
test180@gmail.com,1,2,3
test181@gmail.com,1,2,3
test182@gmail.com,1,2,3
test183@gmail.com,1,2,3
test184@gmail.com,1,2,3
test185@gmail.com,1,2,3
test186@gmail.com,1,2,3
test187@gmail.com,1,2,3
test188@gmail.com,1,2,3
test189@gmail.com,1,2,3
test190@gmail.com,1,2,3
test191@gmail.com,1,2,3
test192@gmail.com,1,2,3
test193@gmail.com,1,2,3
test194@gmail.com,1,2,3
test195@gmail.com,1,2,3
test196@gmail.com,1,2,3
test197@gmail.com,1,2,3
test198@gmail.com,1,2,3
test199@gmail.com,1,2,3
test200@gmail.com,1,2,3
test201@gmail.com,1,2,3
test202@gmail.com,1,2,3
test203@gmail.com,1,2,3
test204@gmail.com,1,2,3
test205@gmail.com,1,2,3
test206@gmail.com,1,2,3
test207@gmail.com,1,2,3
test208@gmail.com,1,2,3
test209@gmail.com,1,2,3
test210@gmail.com,1,2,3
test211@gmail.com,1,2,3
test212@gmail.com,1,2,3
test213@gmail.com,1,2,3
test214@gmail.com,1,2,3
test215@gmail.com,1,2,3
test216@gmail.com,1,2,3
test217@gmail.com,1,2,3
test218@gmail.com,1,2,3
test219@gmail.com,1,2,3
test220@gmail.com,1,2,3
test221@gmail.com,1,2,3
test222@gmail.com,1,2,3
test223@gmail.com,1,2,3
test224@gmail.com,1,2,3
test225@gmail.com,1,2,3
test226@gmail.com,1,2,3
test227@gmail.com,1,2,3
test228@gmail.com,1,2,3
test229@gmail.com,1,2,3
test230@gmail.com,1,2,3
test231@gmail.com,1,2,3
test232@gmail.com,1,2,3
test233@gmail.com,1,2,3
test234@gmail.com,1,2,3
test235@gmail.com,1,2,3
test236@gmail.com,1,2,3
test237@gmail.com,1,2,3
test238@gmail.com,1,2,3
test239@gmail.com,1,2,3
test240@gmail.com,1,2,3
test241@gmail.com,1,2,3
test242@gmail.com,1,2,3
test243@gmail.com,1,2,3
test244@gmail.com,1,2,3
test245@gmail.com,1,2,3
test246@gmail.com,1,2,3
test247@gmail.com,1,2,3
test248@gmail.com,1,2,3
test249@gmail.com,1,2,3
test250@gmail.com,1,2,3
test251@gmail.com,1,2,3
test252@gmail.com,1,2,3
test253@gmail.com,1,2,3
test254@gmail.com,1,2,3
test255@gmail.com,1,2,3
test256@gmail.com,1,2,3
test257@gmail.com,1,2,3
test258@gmail.com,1,2,3
test259@gmail.com,1,2,3
test260@gmail.com,1,2,3
test261@gmail.com,1,2,3
test262@gmail.com,1,2,3
test263@gmail.com,1,2,3
test264@gmail.com,1,2,3
test265@gmail.com,1,2,3
test266@gmail.com,1,2,3
test267@gmail.com,1,2,3
test268@gmail.com,1,2,3
test269@gmail.com,1,2,3
test270@gmail.com,1,2,3
test271@gmail.com,1,2,3
test272@gmail.com,1,2,3
test273@gmail.com,1,2,3
test274@gmail.com,1,2,3
test275@gmail.com,1,2,3
test276@gmail.com,1,2,3
test277@gmail.com,1,2,3
test278@gmail.com,1,2,3
test279@gmail.com,1,2,3
test280@gmail.com,1,2,3
test281@gmail.com,1,2,3
test282@gmail.com,1,2,3
test283@gmail.com,1,2,3
test284@gmail.com,1,2,3
test285@gmail.com,1,2,3
test286@gmail.com,1,2,3
test287@gmail.com,1,2,3
test288@gmail.com,1,2,3
test289@gmail.com,1,2,3
test290@gmail.com,1,2,3
test291@gmail.com,1,2,3
test292@gmail.com,1,2,3
test293@gmail.com,1,2,3
test294@gmail.com,1,2,3
test295@gmail.com,1,2,3
test296@gmail.com,1,2,3
test297@gmail.com,1,2,3
test298@gmail.com,1,2,3
test299@gmail.com,1,2,3
test300@gmail.com,1,2,3
test301@gmail.com,1,2,3
test302@gmail.com,1,2,3
test303@gmail.com,1,2,3
test304@gmail.com,1,2,3
test305@gmail.com,1,2,3
test306@gmail.com,1,2,3
test307@gmail.com,1,2,3
test308@gmail.com,1,2,3
test309@gmail.com,1,2,3
test310@gmail.com,1,2,3
test311@gmail.com,1,2,3
test312@gmail.com,1,2,3
test313@gmail.com,1,2,3
test314@gmail.com,1,2,3
test315@gmail.com,1,2,3
test316@gmail.com,1,2,3
test317@gmail.com,1,2,3
test318@gmail.com,1,2,3
test319@gmail.com,1,2,3
test320@gmail.com,1,2,3
test321@gmail.com,1,2,3
test322@gmail.com,1,2,3
test323@gmail.com,1,2,3
test324@gmail.com,1,2,3
test325@gmail.com,1,2,3
test326@gmail.com,1,2,3
test327@gmail.com,1,2,3
test328@gmail.com,1,2,3
test329@gmail.com,1,2,3
test330@gmail.com,1,2,3
test331@gmail.com,1,2,3
test332@gmail.com,1,2,3
test333@gmail.com,1,2,3
test334@gmail.com,1,2,3
test335@gmail.com,1,2,3
test336@gmail.com,1,2,3
test337@gmail.com,1,2,3
test338@gmail.com,1,2,3
test339@gmail.com,1,2,3
test340@gmail.com,1,2,3
test341@gmail.com,1,2,3
test342@gmail.com,1,2,3
test343@gmail.com,1,2,3
test344@gmail.com,1,2,3
test345@gmail.com,1,2,3
test346@gmail.com,1,2,3
test347@gmail.com,1,2,3
test348@gmail.com,1,2,3
test349@gmail.com,1,2,3
test350@gmail.com,1,2,3
test351@gmail.com,1,2,3
test352@gmail.com,1,2,3
test353@gmail.com,1,2,3
test354@gmail.com,1,2,3
test355@gmail.com,1,2,3
test356@gmail.com,1,2,3
test357@gmail.com,1,2,3
test358@gmail.com,1,2,3
test359@gmail.com,1,2,3
test360@gmail.com,1,2,3
test361@gmail.com,1,2,3
test362@gmail.com,1,2,3
test363@gmail.com,1,2,3
test364@gmail.com,1,2,3
test365@gmail.com,1,2,3
test366@gmail.com,1,2,3
test367@gmail.com,1,2,3
test368@gmail.com,1,2,3
test369@gmail.com,1,2,3
test370@gmail.com,1,2,3
test371@gmail.com,1,2,3
test372@gmail.com,1,2,3
test373@gmail.com,1,2,3
test374@gmail.com,1,2,3
test375@gmail.com,1,2,3
test376@gmail.com,1,2,3
test377@gmail.com,1,2,3
test378@gmail.com,1,2,3
test379@gmail.com,1,2,3
test380@gmail.com,1,2,3
test381@gmail.com,1,2,3
test382@gmail.com,1,2,3
test383@gmail.com,1,2,3
test384@gmail.com,1,2,3
test385@gmail.com,1,2,3
test386@gmail.com,1,2,3
test387@gmail.com,1,2,3
test388@gmail.com,1,2,3
test389@gmail.com,1,2,3
test390@gmail.com,1,2,3
test391@gmail.com,1,2,3
test392@gmail.com,1,2,3
test393@gmail.com,1,2,3
test394@gmail.com,1,2,3
test395@gmail.com,1,2,3
test396@gmail.com,1,2,3
test397@gmail.com,1,2,3
test398@gmail.com,1,2,3
test399@gmail.com,1,2,3
test400@gmail.com,1,2,3
test401@gmail.com,1,2,3
test402@gmail.com,1,2,3
test403@gmail.com,1,2,3
test404@gmail.com,1,2,3
test405@gmail.com,1,2,3
test406@gmail.com,1,2,3
test407@gmail.com,1,2,3
test408@gmail.com,1,2,3
test409@gmail.com,1,2,3
test410@gmail.com,1,2,3
test411@gmail.com,1,2,3
test412@gmail.com,1,2,3
test413@gmail.com,1,2,3
test414@gmail.com,1,2,3
test415@gmail.com,1,2,3
test416@gmail.com,1,2,3
test417@gmail.com,1,2,3
test418@gmail.com,1,2,3
test419@gmail.com,1,2,3
test420@gmail.com,1,2,3
test421@gmail.com,1,2,3
test422@gmail.com,1,2,3
test423@gmail.com,1,2,3
test424@gmail.com,1,2,3
test425@gmail.com,1,2,3
test426@gmail.com,1,2,3
test427@gmail.com,1,2,3
test428@gmail.com,1,2,3
test429@gmail.com,1,2,3
test430@gmail.com,1,2,3
test431@gmail.com,1,2,3
test432@gmail.com,1,2,3
test433@gmail.com,1,2,3
test434@gmail.com,1,2,3
test435@gmail.com,1,2,3
test436@gmail.com,1,2,3
test437@gmail.com,1,2,3
test438@gmail.com,1,2,3
test439@gmail.com,1,2,3
test440@gmail.com,1,2,3
test441@gmail.com,1,2,3
test442@gmail.com,1,2,3
test443@gmail.com,1,2,3
test444@gmail.com,1,2,3
test445@gmail.com,1,2,3
test446@gmail.com,1,2,3
test447@gmail.com,1,2,3
test448@gmail.com,1,2,3
test449@gmail.com,1,2,3
test450@gmail.com,1,2,3
test451@gmail.com,1,2,3
test452@gmail.com,1,2,3
test453@gmail.com,1,2,3
test454@gmail.com,1,2,3
test455@gmail.com,1,2,3
test456@gmail.com,1,2,3
test457@gmail.com,1,2,3
test458@gmail.com,1,2,3
test459@gmail.com,1,2,3
test460@gmail.com,1,2,3
test461@gmail.com,1,2,3
test462@gmail.com,1,2,3
test463@gmail.com,1,2,3
test464@gmail.com,1,2,3
test465@gmail.com,1,2,3
test466@gmail.com,1,2,3
test467@gmail.com,1,2,3
test468@gmail.com,1,2,3
test469@gmail.com,1,2,3
test470@gmail.com,1,2,3
test471@gmail.com,1,2,3
test472@gmail.com,1,2,3
test473@gmail.com,1,2,3
test474@gmail.com,1,2,3
test475@gmail.com,1,2,3
test476@gmail.com,1,2,3
test477@gmail.com,1,2,3
test478@gmail.com,1,2,3
test479@gmail.com,1,2,3
test480@gmail.com,1,2,3
test481@gmail.com,1,2,3
test482@gmail.com,1,2,3
test483@gmail.com,1,2,3
test484@gmail.com,1,2,3
test485@gmail.com,1,2,3
test486@gmail.com,1,2,3
test487@gmail.com,1,2,3
test488@gmail.com,1,2,3
test489@gmail.com,1,2,3
test490@gmail.com,1,2,3
test491@gmail.com,1,2,3
test492@gmail.com,1,2,3
test493@gmail.com,1,2,3
test494@gmail.com,1,2,3
test495@gmail.com,1,2,3
test496@gmail.com,1,2,3
test497@gmail.com,1,2,3
test498@gmail.com,1,2,3
test499@gmail.com,1,2,3
test500@gmail.com,1,2,3
test501@gmail.com,1,2,3
test502@gmail.com,1,2,3
test503@gmail.com,1,2,3
test504@gmail.com,1,2,3
test505@gmail.com,1,2,3
test506@gmail.com,1,2,3
test507@gmail.com,1,2,3
test508@gmail.com,1,2,3
test509@gmail.com,1,2,3
test510@gmail.com,1,2,3
test511@gmail.com,1,2,3
test512@gmail.com,1,2,3
test513@gmail.com,1,2,3
test514@gmail.com,1,2,3
test515@gmail.com,1,2,3
test516@gmail.com,1,2,3
test517@gmail.com,1,2,3
test518@gmail.com,1,2,3
test519@gmail.com,1,2,3
test520@gmail.com,1,2,3
test521@gmail.com,1,2,3
test522@gmail.com,1,2,3
test523@gmail.com,1,2,3
test524@gmail.com,1,2,3
test525@gmail.com,1,2,3
test526@gmail.com,1,2,3
test527@gmail.com,1,2,3
test528@gmail.com,1,2,3
test529@gmail.com,1,2,3
test530@gmail.com,1,2,3
test531@gmail.com,1,2,3
test532@gmail.com,1,2,3
test533@gmail.com,1,2,3
test534@gmail.com,1,2,3
test535@gmail.com,1,2,3
test536@gmail.com,1,2,3
test537@gmail.com,1,2,3
test538@gmail.com,1,2,3
test539@gmail.com,1,2,3
test540@gmail.com,1,2,3
test541@gmail.com,1,2,3
test542@gmail.com,1,2,3
test543@gmail.com,1,2,3
test544@gmail.com,1,2,3
test545@gmail.com,1,2,3
test546@gmail.com,1,2,3
test547@gmail.com,1,2,3
test548@gmail.com,1,2,3
test549@gmail.com,1,2,3
test550@gmail.com,1,2,3
test551@gmail.com,1,2,3
test552@gmail.com,1,2,3
test553@gmail.com,1,2,3
test554@gmail.com,1,2,3
test555@gmail.com,1,2,3
test556@gmail.com,1,2,3
test557@gmail.com,1,2,3
test558@gmail.com,1,2,3
test559@gmail.com,1,2,3
test560@gmail.com,1,2,3
test561@gmail.com,1,2,3
test562@gmail.com,1,2,3
test563@gmail.com,1,2,3
test564@gmail.com,1,2,3
test565@gmail.com,1,2,3
test566@gmail.com,1,2,3
test567@gmail.com,1,2,3
test568@gmail.com,1,2,3
test569@gmail.com,1,2,3
test570@gmail.com,1,2,3
test571@gmail.com,1,2,3
test572@gmail.com,1,2,3
test573@gmail.com,1,2,3
test574@gmail.com,1,2,3
test575@gmail.com,1,2,3
test576@gmail.com,1,2,3
test577@gmail.com,1,2,3
test578@gmail.com,1,2,3
test579@gmail.com,1,2,3
test580@gmail.com,1,2,3
test581@gmail.com,1,2,3
test582@gmail.com,1,2,3
test583@gmail.com,1,2,3
test584@gmail.com,1,2,3
test585@gmail.com,1,2,3
test586@gmail.com,1,2,3
test587@gmail.com,1,2,3
test588@gmail.com,1,2,3
test589@gmail.com,1,2,3
test590@gmail.com,1,2,3
test591@gmail.com,1,2,3
test592@gmail.com,1,2,3
test593@gmail.com,1,2,3
test594@gmail.com,1,2,3
test595@gmail.com,1,2,3
test596@gmail.com,1,2,3
test597@gmail.com,1,2,3
test598@gmail.com,1,2,3
test599@gmail.com,1,2,3
test600@gmail.com,1,2,3
test601@gmail.com,1,2,3
test602@gmail.com,1,2,3
test603@gmail.com,1,2,3
test604@gmail.com,1,2,3
test605@gmail.com,1,2,3
test606@gmail.com,1,2,3
test607@gmail.com,1,2,3
test608@gmail.com,1,2,3
test609@gmail.com,1,2,3
test610@gmail.com,1,2,3
test611@gmail.com,1,2,3
test612@gmail.com,1,2,3
test613@gmail.com,1,2,3
test614@gmail.com,1,2,3
test615@gmail.com,1,2,3
test616@gmail.com,1,2,3
test617@gmail.com,1,2,3
test618@gmail.com,1,2,3
test619@gmail.com,1,2,3
test620@gmail.com,1,2,3
test621@gmail.com,1,2,3
test622@gmail.com,1,2,3
test623@gmail.com,1,2,3
test624@gmail.com,1,2,3
test625@gmail.com,1,2,3
test626@gmail.com,1,2,3
test627@gmail.com,1,2,3
test628@gmail.com,1,2,3
test629@gmail.com,1,2,3
test630@gmail.com,1,2,3
test631@gmail.com,1,2,3
test632@gmail.com,1,2,3
test633@gmail.com,1,2,3
test634@gmail.com,1,2,3
test635@gmail.com,1,2,3
test636@gmail.com,1,2,3
test637@gmail.com,1,2,3
test638@gmail.com,1,2,3
test639@gmail.com,1,2,3
test640@gmail.com,1,2,3
test641@gmail.com,1,2,3
test642@gmail.com,1,2,3
test643@gmail.com,1,2,3
test644@gmail.com,1,2,3
test645@gmail.com,1,2,3
test646@gmail.com,1,2,3
test647@gmail.com,1,2,3
test648@gmail.com,1,2,3
test649@gmail.com,1,2,3
test650@gmail.com,1,2,3
test651@gmail.com,1,2,3
test652@gmail.com,1,2,3
test653@gmail.com,1,2,3
test654@gmail.com,1,2,3
test655@gmail.com,1,2,3
test656@gmail.com,1,2,3
test657@gmail.com,1,2,3
test658@gmail.com,1,2,3
test659@gmail.com,1,2,3
test660@gmail.com,1,2,3
test661@gmail.com,1,2,3
test662@gmail.com,1,2,3
test663@gmail.com,1,2,3
test664@gmail.com,1,2,3
test665@gmail.com,1,2,3
test666@gmail.com,1,2,3
test667@gmail.com,1,2,3
test668@gmail.com,1,2,3
test669@gmail.com,1,2,3
test670@gmail.com,1,2,3
test671@gmail.com,1,2,3
test672@gmail.com,1,2,3
test673@gmail.com,1,2,3
test674@gmail.com,1,2,3
test675@gmail.com,1,2,3
test676@gmail.com,1,2,3
test677@gmail.com,1,2,3
test678@gmail.com,1,2,3
test679@gmail.com,1,2,3
test680@gmail.com,1,2,3
test681@gmail.com,1,2,3
test682@gmail.com,1,2,3
test683@gmail.com,1,2,3
test684@gmail.com,1,2,3
test685@gmail.com,1,2,3
test686@gmail.com,1,2,3
test687@gmail.com,1,2,3
test688@gmail.com,1,2,3
test689@gmail.com,1,2,3
test690@gmail.com,1,2,3
test691@gmail.com,1,2,3
test692@gmail.com,1,2,3
test693@gmail.com,1,2,3
test694@gmail.com,1,2,3
test695@gmail.com,1,2,3
test696@gmail.com,1,2,3
test697@gmail.com,1,2,3
test698@gmail.com,1,2,3
test699@gmail.com,1,2,3
test700@gmail.com,1,2,3
test701@gmail.com,1,2,3
test702@gmail.com,1,2,3
test703@gmail.com,1,2,3
test704@gmail.com,1,2,3
test705@gmail.com,1,2,3
test706@gmail.com,1,2,3
test707@gmail.com,1,2,3
test708@gmail.com,1,2,3
test709@gmail.com,1,2,3
test710@gmail.com,1,2,3
test711@gmail.com,1,2,3
test712@gmail.com,1,2,3
test713@gmail.com,1,2,3
test714@gmail.com,1,2,3
test715@gmail.com,1,2,3
test716@gmail.com,1,2,3
test717@gmail.com,1,2,3
test718@gmail.com,1,2,3
test719@gmail.com,1,2,3
test720@gmail.com,1,2,3
test721@gmail.com,1,2,3
test722@gmail.com,1,2,3
test723@gmail.com,1,2,3
test724@gmail.com,1,2,3
test725@gmail.com,1,2,3
test726@gmail.com,1,2,3
test727@gmail.com,1,2,3
test728@gmail.com,1,2,3
test729@gmail.com,1,2,3
test730@gmail.com,1,2,3
test731@gmail.com,1,2,3
test732@gmail.com,1,2,3
test733@gmail.com,1,2,3
test734@gmail.com,1,2,3
test735@gmail.com,1,2,3
test736@gmail.com,1,2,3
test737@gmail.com,1,2,3
test738@gmail.com,1,2,3
test739@gmail.com,1,2,3
test740@gmail.com,1,2,3
test741@gmail.com,1,2,3
test742@gmail.com,1,2,3
test743@gmail.com,1,2,3
test744@gmail.com,1,2,3
test745@gmail.com,1,2,3
test746@gmail.com,1,2,3
test747@gmail.com,1,2,3
test748@gmail.com,1,2,3
test749@gmail.com,1,2,3
test750@gmail.com,1,2,3
test751@gmail.com,1,2,3
test752@gmail.com,1,2,3
test753@gmail.com,1,2,3
test754@gmail.com,1,2,3
test755@gmail.com,1,2,3
test756@gmail.com,1,2,3
test757@gmail.com,1,2,3
test758@gmail.com,1,2,3
test759@gmail.com,1,2,3
test760@gmail.com,1,2,3
test761@gmail.com,1,2,3
test762@gmail.com,1,2,3
test763@gmail.com,1,2,3
test764@gmail.com,1,2,3
test765@gmail.com,1,2,3
test766@gmail.com,1,2,3
test767@gmail.com,1,2,3
test768@gmail.com,1,2,3
test769@gmail.com,1,2,3
test770@gmail.com,1,2,3
test771@gmail.com,1,2,3
test772@gmail.com,1,2,3
test773@gmail.com,1,2,3
test774@gmail.com,1,2,3
test775@gmail.com,1,2,3
test776@gmail.com,1,2,3
test777@gmail.com,1,2,3
test778@gmail.com,1,2,3
test779@gmail.com,1,2,3
test780@gmail.com,1,2,3
test781@gmail.com,1,2,3
test782@gmail.com,1,2,3
test783@gmail.com,1,2,3
test784@gmail.com,1,2,3
test785@gmail.com,1,2,3
test786@gmail.com,1,2,3
test787@gmail.com,1,2,3
test788@gmail.com,1,2,3
test789@gmail.com,1,2,3
test790@gmail.com,1,2,3
test791@gmail.com,1,2,3
test792@gmail.com,1,2,3
test793@gmail.com,1,2,3
test794@gmail.com,1,2,3
test795@gmail.com,1,2,3
test796@gmail.com,1,2,3
test797@gmail.com,1,2,3
test798@gmail.com,1,2,3
test799@gmail.com,1,2,3
test800@gmail.com,1,2,3
test801@gmail.com,1,2,3
test802@gmail.com,1,2,3
test803@gmail.com,1,2,3
test804@gmail.com,1,2,3
test805@gmail.com,1,2,3
test806@gmail.com,1,2,3
test807@gmail.com,1,2,3
test808@gmail.com,1,2,3
test809@gmail.com,1,2,3
test810@gmail.com,1,2,3
test811@gmail.com,1,2,3
test812@gmail.com,1,2,3
test813@gmail.com,1,2,3
test814@gmail.com,1,2,3
test815@gmail.com,1,2,3
test816@gmail.com,1,2,3
test817@gmail.com,1,2,3
test818@gmail.com,1,2,3
test819@gmail.com,1,2,3
test820@gmail.com,1,2,3
test821@gmail.com,1,2,3
test822@gmail.com,1,2,3
test823@gmail.com,1,2,3
test824@gmail.com,1,2,3
test825@gmail.com,1,2,3
test826@gmail.com,1,2,3
test827@gmail.com,1,2,3
test828@gmail.com,1,2,3
test829@gmail.com,1,2,3
test830@gmail.com,1,2,3
test831@gmail.com,1,2,3
test832@gmail.com,1,2,3
test833@gmail.com,1,2,3
test834@gmail.com,1,2,3
test835@gmail.com,1,2,3
test836@gmail.com,1,2,3
test837@gmail.com,1,2,3
test838@gmail.com,1,2,3
test839@gmail.com,1,2,3
test840@gmail.com,1,2,3
test841@gmail.com,1,2,3
test842@gmail.com,1,2,3
test843@gmail.com,1,2,3
test844@gmail.com,1,2,3
test845@gmail.com,1,2,3
test846@gmail.com,1,2,3
test847@gmail.com,1,2,3
test848@gmail.com,1,2,3
test849@gmail.com,1,2,3
test850@gmail.com,1,2,3
test851@gmail.com,1,2,3
test852@gmail.com,1,2,3
test853@gmail.com,1,2,3
test854@gmail.com,1,2,3
test855@gmail.com,1,2,3
test856@gmail.com,1,2,3
test857@gmail.com,1,2,3
test858@gmail.com,1,2,3
test859@gmail.com,1,2,3
test860@gmail.com,1,2,3
test861@gmail.com,1,2,3
test862@gmail.com,1,2,3
test863@gmail.com,1,2,3
test864@gmail.com,1,2,3
test865@gmail.com,1,2,3
test866@gmail.com,1,2,3
test867@gmail.com,1,2,3
test868@gmail.com,1,2,3
test869@gmail.com,1,2,3
test870@gmail.com,1,2,3
test871@gmail.com,1,2,3
test872@gmail.com,1,2,3
test873@gmail.com,1,2,3
test874@gmail.com,1,2,3
test875@gmail.com,1,2,3
test876@gmail.com,1,2,3
test877@gmail.com,1,2,3
test878@gmail.com,1,2,3
test879@gmail.com,1,2,3
test880@gmail.com,1,2,3
test881@gmail.com,1,2,3
test882@gmail.com,1,2,3
test883@gmail.com,1,2,3
test884@gmail.com,1,2,3
test885@gmail.com,1,2,3
test886@gmail.com,1,2,3
test887@gmail.com,1,2,3
test888@gmail.com,1,2,3
test889@gmail.com,1,2,3
test890@gmail.com,1,2,3
test891@gmail.com,1,2,3
test892@gmail.com,1,2,3
test893@gmail.com,1,2,3
test894@gmail.com,1,2,3
test895@gmail.com,1,2,3
test896@gmail.com,1,2,3
test897@gmail.com,1,2,3
test898@gmail.com,1,2,3
test899@gmail.com,1,2,3
test900@gmail.com,1,2,3
test901@gmail.com,1,2,3
test902@gmail.com,1,2,3
test903@gmail.com,1,2,3
test904@gmail.com,1,2,3
test905@gmail.com,1,2,3
test906@gmail.com,1,2,3
test907@gmail.com,1,2,3
test908@gmail.com,1,2,3
test909@gmail.com,1,2,3
test910@gmail.com,1,2,3
test911@gmail.com,1,2,3
test912@gmail.com,1,2,3
test913@gmail.com,1,2,3
test914@gmail.com,1,2,3
test915@gmail.com,1,2,3
test916@gmail.com,1,2,3
test917@gmail.com,1,2,3
test918@gmail.com,1,2,3
test919@gmail.com,1,2,3
test920@gmail.com,1,2,3
test921@gmail.com,1,2,3
test922@gmail.com,1,2,3
test923@gmail.com,1,2,3
test924@gmail.com,1,2,3
test925@gmail.com,1,2,3
test926@gmail.com,1,2,3
test927@gmail.com,1,2,3
test928@gmail.com,1,2,3
test929@gmail.com,1,2,3
test930@gmail.com,1,2,3
test931@gmail.com,1,2,3
test932@gmail.com,1,2,3
test933@gmail.com,1,2,3
test934@gmail.com,1,2,3
test935@gmail.com,1,2,3
test936@gmail.com,1,2,3
test937@gmail.com,1,2,3
test938@gmail.com,1,2,3
test939@gmail.com,1,2,3
test940@gmail.com,1,2,3
test941@gmail.com,1,2,3
test942@gmail.com,1,2,3
test943@gmail.com,1,2,3
test944@gmail.com,1,2,3
test945@gmail.com,1,2,3
test946@gmail.com,1,2,3
test947@gmail.com,1,2,3
test948@gmail.com,1,2,3
test949@gmail.com,1,2,3
test950@gmail.com,1,2,3
test951@gmail.com,1,2,3
test952@gmail.com,1,2,3
test953@gmail.com,1,2,3
test954@gmail.com,1,2,3
test955@gmail.com,1,2,3
test956@gmail.com,1,2,3
test957@gmail.com,1,2,3
test958@gmail.com,1,2,3
test959@gmail.com,1,2,3
test960@gmail.com,1,2,3
test961@gmail.com,1,2,3
test962@gmail.com,1,2,3
test963@gmail.com,1,2,3
test964@gmail.com,1,2,3
test965@gmail.com,1,2,3
test966@gmail.com,1,2,3
test967@gmail.com,1,2,3
test968@gmail.com,1,2,3
test969@gmail.com,1,2,3
test970@gmail.com,1,2,3
test971@gmail.com,1,2,3
test972@gmail.com,1,2,3
test973@gmail.com,1,2,3
test974@gmail.com,1,2,3
test975@gmail.com,1,2,3
test976@gmail.com,1,2,3
test977@gmail.com,1,2,3
test978@gmail.com,1,2,3
test979@gmail.com,1,2,3
test980@gmail.com,1,2,3
test981@gmail.com,1,2,3
test982@gmail.com,1,2,3
test983@gmail.com,1,2,3
test984@gmail.com,1,2,3
test985@gmail.com,1,2,3
test986@gmail.com,1,2,3
test987@gmail.com,1,2,3
test988@gmail.com,1,2,3
test989@gmail.com,1,2,3
test990@gmail.com,1,2,3
test991@gmail.com,1,2,3
test992@gmail.com,1,2,3
test993@gmail.com,1,2,3
test994@gmail.com,1,2,3
test995@gmail.com,1,2,3
test996@gmail.com,1,2,3
test997@gmail.com,1,2,3
test998@gmail.com,1,2,3
test999@gmail.com,1,2,3
